filename,label
112544505.jpg,3
90644668.jpg,0
85378047.jpg,3
121711094.jpg,0
98377949.jpg,1
89644702.jpg,0
97144681.jpg,1
101411263.jpg,1
92711329.jpg,1
86078056.jpg,3
85144720.jpg,3
107077877.jpg,3
90044679.jpg,0
75511455.jpg,3
96144653.jpg,1
92477991.jpg,1
82744739.jpg,1
79511434.jpg,3
101777919.jpg,1
110211183.jpg,3
119844449.jpg,0
91644668.jpg,1
80311426.jpg,1
121811127.jpg,0
84811392.jpg,3
106644539.jpg,3
106944558.jpg,3
110811182.jpg,3
122177819.jpg,0
85644710.jpg,3
110311188.jpg,3
112977838.jpg,3
80444754.jpg,1
90178031.jpg,0
93777992.jpg,1
98844606.jpg,1
101877920.jpg,1
104278737.jpg,0
114211159.jpg,0
114111157.jpg,0
106511257.jpg,3
97777952.jpg,1
77544769.jpg,3
82511413.jpg,1
102577907.jpg,0
95511311.jpg,1
98011296.jpg,1
118544459.jpg,0
83544739.jpg,1
123777751.jpg,0
110911184.jpg,3
103544588.jpg,0
91777999.jpg,1
122544423.jpg,0
124444410.jpg,0
94744638.jpg,1
122311093.jpg,0
82278076.jpg,1
90978012.jpg,0
89778017.jpg,0
79744762.jpg,1
111044516.jpg,3
104044575.jpg,0
90411355.jpg,0
81578080.jpg,1
82178071.jpg,1
81678115.jpg,1
124811070.jpg,0
100011279.jpg,1
124577785.jpg,0
121477761.jpg,0
75878126.jpg,3
112877829.jpg,3
115244474.jpg,0
113677854.jpg,0
80211420.jpg,1
76144786.jpg,3
118211122.jpg,0
123211080.jpg,0
105944551.jpg,3
99344604.jpg,1
102911237.jpg,0
117744458.jpg,0
93911325.jpg,1
98244616.jpg,1
118311123.jpg,0
110077858.jpg,3
119277787.jpg,0
97411303.jpg,0
77411451.jpg,3
109377853.jpg,3
98477951.jpg,1
93311322.jpg,1
86678040.jpg,3
92977984.jpg,1
80778085.jpg,1
81811410.jpg,1
88278033.jpg,2
122411096.jpg,0
107211206.jpg,3
112311178.jpg,3
75278125.jpg,3
94144652.jpg,1
108511205.jpg,3
117144469.jpg,0
99211275.jpg,1
109977845.jpg,3
91078036.jpg,0
84011422.jpg,1
76711454.jpg,3
115944476.jpg,0
88044700.jpg,2
95877968.jpg,1
106177879.jpg,3
124677768.jpg,0
112044515.jpg,3
121111114.jpg,0
108744527.jpg,3
118077806.jpg,0
113077837.jpg,3
115577840.jpg,0
112744501.jpg,3
77644778.jpg,3
96577990.jpg,1
104777893.jpg,0
115111186.jpg,0
117277794.jpg,0
91544661.jpg,1
106277890.jpg,3
88844692.jpg,2
95411304.jpg,1
106377883.jpg,3
87144697.jpg,3
96911286.jpg,1
101977923.jpg,0
90278018.jpg,0
97544613.jpg,0
107311214.jpg,3
103011256.jpg,0
114911146.jpg,0
111344513.jpg,3
98611280.jpg,1
118811117.jpg,0
82611408.jpg,1
105344556.jpg,0
87478025.jpg,2
111611175.jpg,1
110544527.jpg,3
120411109.jpg,0
116411142.jpg,0
116311141.jpg,0
117477805.jpg,0
100244599.jpg,1
120311107.jpg,0
87678033.jpg,2
101177979.jpg,1
86444709.jpg,3
85978051.jpg,3
122644422.jpg,0
83744733.jpg,1
