epoch,time,train/box_loss,train/cls_loss,train/dfl_loss,metrics/precision(B),metrics/recall(B),metrics/mAP50(B),metrics/mAP50-95(B),val/box_loss,val/cls_loss,val/dfl_loss,lr/pg0,lr/pg1,lr/pg2
1,3.15546,2.06358,6.56591,1.16309,0.00027,0.08333,0.00019,5e-05,1.39536,4.84298,1.04617,8.335e-05,8.335e-05,8.335e-05
2,6.0279,2.01866,4.42828,1.11268,0.00048,0.16667,0.00049,0.00016,1.57047,4.75705,1.02441,0.000179739,0.000179739,0.000179739
3,8.7402,1.42486,3.6131,0.98552,0.00113,0.54167,0.00301,0.00118,1.47755,4.48476,0.94512,0.000272168,0.000272168,0.000272168
4,11.7848,2.06389,4.18235,1.01673,0.00114,0.625,0.00309,0.0013,1.25315,4.37316,0.92522,0.000360635,0.000360635,0.000360635
5,14.5089,1.4453,3.48716,0.83018,0.00095,0.58333,0.00279,0.0009,1.30036,4.35785,0.97195,0.000445142,0.000445142,0.000445142
6,15.9647,1.36856,3.65365,1.02914,0.00072,0.33333,0.00311,0.00117,1.29527,4.41184,0.97242,0.000525688,0.000525688,0.000525688
7,17.3865,1.50825,4.00666,0.85014,0.00103,0.83333,0.00236,0.00096,1.3842,4.37402,1.03054,0.000602274,0.000602274,0.000602274
8,20.4107,1.34664,4.85029,0.82822,0.00048,0.41667,0.00059,0.00018,1.58377,4.78664,1.11431,0.000674898,0.000674898,0.000674898
9,23.1625,1.62886,3.42211,0.98317,0.0007,0.625,0.00156,0.00044,1.64263,4.38411,1.10659,0.000743562,0.000743562,0.000743562
10,25.8951,1.65813,3.42548,1.03626,0.00071,0.75,0.03545,0.00799,1.56882,4.08028,1.0997,0.000808265,0.000808265,0.000808265
11,28.6798,1.43652,3.03923,0.8842,0.00217,0.45833,0.04211,0.01576,1.68136,3.75441,1.07015,0.000869007,0.000869007,0.000869007
12,31.4047,1.68202,4.16956,0.89689,0.00078,0.875,0.04805,0.02,1.51244,3.76507,1.00569,0.000925788,0.000925788,0.000925788
13,34.2182,2.08677,3.45571,1.10253,0.00266,0.58333,0.06212,0.0306,1.48293,3.64682,0.98268,0.000978609,0.000978609,0.000978609
14,37.1161,1.54895,2.86906,0.85634,0.53399,0.08333,0.0673,0.03078,1.62958,3.5749,1.02189,0.00102747,0.00102747,0.00102747
15,39.8135,1.2764,4.77077,0.71017,0.07333,0.41667,0.06399,0.03183,1.49954,3.51552,1.0405,0.00107237,0.00107237,0.00107237
16,42.9996,1.72051,2.86419,1.05875,0.00076,0.875,0.03715,0.01913,1.78646,3.51811,1.06693,0.00111331,0.00111331,0.00111331
17,45.785,2.17365,4.54346,1.07735,0.00068,0.875,0.02983,0.01138,1.92013,3.79735,1.24509,0.00113889,0.00113889,0.00113889
18,49.0753,1.44914,4.19362,0.85612,0.0007,1,0.03867,0.02098,1.91244,3.73237,1.41235,0.00110589,0.00110589,0.00110589
19,51.3227,2.21565,3.33351,1.13294,0.00079,1,0.09151,0.06093,1.7562,3.7363,1.24004,0.00107288,0.00107288,0.00107288
20,54.0908,1.89417,3.24866,1.05423,0.09215,0.45833,0.10373,0.04163,1.6812,3.49372,1.12869,0.00103987,0.00103987,0.00103987
21,56.8385,1.54748,3.33889,0.95233,0.00089,1,0.07813,0.03873,1.61275,3.48346,1.09326,0.00100687,0.00100687,0.00100687
22,59.5943,1.76123,2.93445,1.04828,0.52473,0.125,0.07041,0.03725,1.46307,3.49836,1.02925,0.000973861,0.000973861,0.000973861
23,62.3454,1.34855,2.59198,0.8722,0.53472,0.25,0.0988,0.05977,1.35309,3.32983,0.97863,0.000940855,0.000940855,0.000940855
24,65.0986,1.51474,2.76217,1.08633,0.09489,0.45833,0.0962,0.06225,1.3157,3.04859,0.98906,0.000907848,0.000907848,0.000907848
25,67.8314,1.71725,2.66277,1.02982,0.06152,0.25,0.08566,0.04616,1.31514,2.94848,0.99549,0.000874842,0.000874842,0.000874842
26,70.7037,1.21565,2.84027,0.86254,0.08999,0.25,0.08404,0.0385,1.27758,2.96288,0.98085,0.000841835,0.000841835,0.000841835
27,73.8496,1.29191,2.8275,0.83063,0.00108,1,0.09627,0.04777,1.32848,3.01728,1.00252,0.000808828,0.000808828,0.000808828
28,76.5538,1.30799,2.95512,0.9941,0.00113,1,0.08999,0.04916,1.41371,3.10636,1.00031,0.000775822,0.000775822,0.000775822
29,79.435,2.09251,2.89932,1.34156,0.08142,0.75,0.09868,0.05073,1.24337,3.11409,0.93817,0.000742815,0.000742815,0.000742815
30,82.3749,1.21173,3.06354,0.82648,0.54385,0.25,0.10488,0.04922,1.20309,3.07631,0.92746,0.000709809,0.000709809,0.000709809
31,85.0552,1.34907,3.17408,0.77591,0.54407,0.25,0.10496,0.04628,1.38444,3.09181,0.95083,0.000676802,0.000676802,0.000676802
32,87.7713,1.47164,2.91061,0.89303,0.03786,0.25,0.09725,0.03869,1.45148,3.0763,0.96909,0.000643795,0.000643795,0.000643795
33,90.5099,1.52435,2.77727,1.12017,0.03463,0.25,0.11246,0.05161,1.41953,3.08953,0.9492,0.000610789,0.000610789,0.000610789
34,93.2237,1.38614,2.48814,0.82274,0.12658,0.26405,0.13391,0.07373,1.37292,3.04419,0.928,0.000577782,0.000577782,0.000577782
35,95.9389,1.48615,2.86737,0.97485,0.5483,0.25,0.11942,0.0643,1.2555,3.04633,0.90793,0.000544776,0.000544776,0.000544776
36,98.6605,1.23976,2.70587,0.78411,0.54915,0.25,0.10984,0.06106,1.22772,2.98414,0.89434,0.000511769,0.000511769,0.000511769
37,101.366,1.92509,3.17185,1.04504,0.57376,0.125,0.11506,0.0728,1.19206,2.87785,0.9005,0.000478762,0.000478762,0.000478762
38,104.076,1.2564,2.33486,0.83658,0.53396,0.125,0.12096,0.08254,1.15622,2.79833,0.89136,0.000445756,0.000445756,0.000445756
39,106.846,1.45175,3.1059,0.99073,0.54424,0.25,0.11956,0.08213,1.13893,2.77175,0.89722,0.000412749,0.000412749,0.000412749
40,109.908,1.25841,2.46482,0.88901,0.10631,0.29167,0.15276,0.10777,1.13375,2.68976,0.89845,0.000379743,0.000379743,0.000379743
41,113.611,0.96604,4.74343,0.68313,0.09326,0.66667,0.16653,0.11281,1.23281,2.69863,0.90693,0.000346736,0.000346736,0.000346736
42,115.51,0.98734,4.77952,0.62357,0.06466,0.83333,0.14948,0.09257,1.16653,2.74964,0.89287,0.000313729,0.000313729,0.000313729
43,116.966,0.78579,2.94159,0.77477,0.00169,1,0.12836,0.07623,1.07839,2.81934,0.88377,0.000280723,0.000280723,0.000280723
44,118.534,1.02817,2.69491,0.79707,0.00152,1,0.15079,0.0923,1.05867,2.87837,0.88167,0.000247716,0.000247716,0.000247716
45,120.128,0.99588,2.59802,0.79128,0.0015,1,0.15336,0.08888,1.10407,2.87525,0.88388,0.00021471,0.00021471,0.00021471
46,121.63,1.17116,4.07056,0.84401,0.00156,1,0.14629,0.08936,1.12018,2.90111,0.88235,0.000181703,0.000181703,0.000181703
47,123.424,1.25623,3.13102,0.96515,0.00162,1,0.13506,0.08212,1.11712,2.89021,0.88545,0.000148696,0.000148696,0.000148696
48,125.077,1.15488,4.04157,0.79304,0.00162,1,0.13175,0.07829,1.10375,2.88861,0.88414,0.00011569,0.00011569,0.00011569
49,126.728,0.85711,3.49784,0.65562,0.00165,1,0.1366,0.08485,1.06395,2.89014,0.87698,8.26832e-05,8.26832e-05,8.26832e-05
50,128.219,0.886,2.72702,0.76789,0.00168,1,0.13972,0.08688,1.04924,2.88228,0.87205,4.96766e-05,4.96766e-05,4.96766e-05
